<?xml version="1.0" encoding="utf-8"?>
<install>
	<soft>
		<id>0</id>
		<download>0</download> 
		<strapp>STR_APP_HARD</strapp>
		<app_name>Hardware Detection</app_name>
		<app_describle>View CPU, motherboard, memory and more hardware information.</app_describle>
		<name>HardWare.exe</name> 
		<icon></icon> 
		<big_icon></big_icon> 
		<icon_url>https://www.drivethelife.com/uploadfiles/20170831/toolbox_png_HardwareDetection_1.png</icon_url>
		<big_icon_url>https://www.drivethelife.com/uploadfiles/toolbox/toolbox_png_HardwareDetection_2.png</big_icon_url>
		<reg></reg> 
		<reg_apppath></reg_apppath>
		<sign>Shenzhen DriveTheLife Software Technology Co.Ltd</sign> 
		<company>Shenzhen DriveTheLife Software Technology Co.Ltd</company>
		<url></url> 
		<loadname></loadname>   
		<new_app>0</new_app>  
		<filepath>HardWare.exe</filepath> 
		<installparam></installparam>
		<runparam></runparam> 
		<toolbox_type>0</toolbox_type> 
		<toolbox_type_id>0</toolbox_type_id>
		<EULA></EULA>
		<Privacy_Policy></Privacy_Policy>
		<param1></param1> 
		<param2></param2> 
		<free>0</free>
	</soft>
	<soft>
		<id>1</id>
		<download>0</download> 
		<strapp>STR_APP_SOURDREPAIR</strapp>
		<app_name>Audio Repair</app_name>
		<app_describle>Immediately solve the problem of sound failure.</app_describle>
		<name>SoundCardRepair\SoundCardRepair.exe</name> 
		<icon></icon> 
		<big_icon></big_icon> 
		<icon_url>http://int.qudong.drivethelife.com/uploadfile/20170831/Audio_Repair_1.png</icon_url>
		<big_icon_url>https://www.drivethelife.com/uploadfiles/toolbox/Audio_Repair_2.png</big_icon_url>
		<reg></reg> 
		<reg_apppath></reg_apppath>
		<sign>Shenzhen DriveTheLife Software Technology Co.Ltd</sign> 
		<company>Shenzhen DriveTheLife Software Technology Co.Ltd</company>
		<url></url> 
		<loadname></loadname>   
		<new_app>0</new_app>  
		<filepath>SoundCardRepair.exe</filepath> 
		<installparam></installparam>
		<runparam></runparam> 
		<toolbox_type>0</toolbox_type> 
		<toolbox_type_id>0</toolbox_type_id>
		<EULA></EULA>
		<Privacy_Policy></Privacy_Policy>
		<param1></param1> 
		<param2></param2> 
		<free>1</free>
	</soft>
	<soft>
		<id>2</id>
		<download>0</download> 
		<strapp>STR_APP_GAMEREPAIR</strapp>
		<app_name>Game Repair</app_name>
		<app_describle>Solve most gaming problems and improve your gaming experience.</app_describle>
		<name>GameRepair.exe</name> 
		<icon></icon> 
		<big_icon></big_icon> 
		<icon_url>https://www.drivethelife.com/uploadfiles/20170831/toolbox_png_HardwareDetection_1.png</icon_url>
		<big_icon_url>https://www.drivethelife.com/uploadfiles/toolbox/toolbox_png_GameRepair.png</big_icon_url>
		<reg></reg> 
		<reg_apppath></reg_apppath>
		<sign>Shenzhen DriveTheLife Software Technology Co.Ltd</sign> 
		<company>Shenzhen DriveTheLife Software Technology Co.Ltd</company>
		<url></url> 
		<loadname></loadname>   
		<new_app>0</new_app>  
		<filepath>GameRepair.exe</filepath> 
		<installparam></installparam>
		<runparam></runparam> 
		<toolbox_type>0</toolbox_type> 
		<toolbox_type_id>0</toolbox_type_id>
		<EULA></EULA>
		<Privacy_Policy></Privacy_Policy>
		<param1></param1> 
		<param2></param2> 
		<free>0</free>
	</soft>	
	<soft>
		<id>3</id>
		<download>0</download> 
		<strapp>STR_APP_DTCleaner</strapp>
		<app_name>DTCleaner</app_name>
		<app_describle>Clean up your system disk and optimize disk performance.</app_describle>
		<name>DTCleaner.exe</name> 
		<icon></icon> 
		<big_icon></big_icon> 
		<icon_url>https://www.drivethelife.com/uploadfiles/20170831/toolbox_png_HardwareDetection_1.png</icon_url>
		<big_icon_url>https://www.drivethelife.com/uploadfiles/toolbox/toolbox_png_DTCleaner.png</big_icon_url>
		<reg></reg> 
		<reg_apppath></reg_apppath>
		<sign>Shenzhen DriveTheLife Software Technology Co.Ltd</sign> 
		<company>Shenzhen DriveTheLife Software Technology Co.Ltd</company>
		<url></url>
		<loadname></loadname>   
		<new_app>0</new_app>  
		<filepath>DTCleaner.exe</filepath> 
		<installparam></installparam>
		<runparam></runparam> 
		<toolbox_type>0</toolbox_type> 
		<toolbox_type_id>0</toolbox_type_id>
		<EULA></EULA>
		<Privacy_Policy></Privacy_Policy>
		<param1></param1> 
		<param2></param2> 
		<free>0</free>
	</soft>	
	<soft>
		<id>4</id>
		<download>1</download> 
		<strapp>STR_APP_DTExplorerMax</strapp>
		<app_name>ExplorerMax</app_name>
		<app_describle>A Chrome-styled File Manager for Smart Windows Users.</app_describle>
		<name>ExplorerMax.exe</name> 
		<icon></icon> 
		<big_icon></big_icon> 
		<icon_url>https://www.drivethelife.com/uploadfiles/20170831/toolbox_png_HardwareDetection_1.png</icon_url>
		<big_icon_url>https://www.drivethelife.com/uploadfiles/toolbox/toolbox_png_ExplorerMax.png</big_icon_url>
		<reg>SOFTWARE\OSTotoSoft\ExplorerMax</reg> 
		<reg_apppath>AppPath</reg_apppath>
		<sign>Shenzhen DriveTheLife Software Technology Co.Ltd</sign> 
		<company>Shenzhen DriveTheLife Software Technology Co.Ltd</company>
		<url>https://file1.updrv.com//soft_intl/ExplorerMax/2_0_3_30/ExplorerMax_2292_2_0_3_30.exe</url>
		<loadname>ExplorerMax_2292_2_0_3_30.exe</loadname>   
		<new_app>0</new_app>  
		<filepath>ExplorerMax.exe</filepath> 
		<installparam></installparam>
		<runparam></runparam> 
		<toolbox_type>1</toolbox_type> 
		<toolbox_type_id>0</toolbox_type_id>
		<EULA></EULA>
		<Privacy_Policy></Privacy_Policy>
		<param1></param1> 
		<param2></param2> 
		<free>0</free>
	</soft>	
</install>
