{"pricelist":[{"product_title":"1 PC PLAN","sale_off":"35% OFF","price":"12.98","org_price":"$19.95","sale_period":"\/Mon","buy_url":"https:\/\/order.mycommerce.com\/cart\/add?vendorid=200252026&PRODUCT[301015823]=1&affiliate=dtcp2&","hot":0},{"product_title":"3 PC PLAN","sale_off":"57% OFF","price":"25.98","org_price":"$59.95","sale_period":"\/Year","buy_url":"https:\/\/order.shareit.com\/cart\/add?vendorid=200252026&PRODUCT[301019987]=1&PRODUCTPRICE[301019987]=25.98USD,G;44bc5c9ab9a0294cf54a184f907e598e&affiliate=dtcp2&","hot":1}],"download_pricelist":[{"product_title":"1 PC PLAN","sale_off":"45% OFF","price":"19.95","org_price":"$29.95","sale_period":"\/Year","buy_url":"https:\/\/order.shareit.com\/cart\/add?vendorid=200252026&PRODUCT[301019986]=1","hot":0},{"product_title":"3 PC PLAN","sale_off":"50% OFF","price":"29.95","org_price":"$59.95","sale_period":"\/Year","buy_url":"https:\/\/order.shareit.com\/cart\/add?vendorid=200252026&PRODUCT[301019987]=1","hot":1}],"active_list":[{"pos":0,"price":"0","product_name":"","pcs":"","buy_url":"","active_name":"blackfive","click_url":"","pic_icon_url":"https:\/\/www.drivethelife.com\/activity\/2022\/HomeBan.png","icon_hash":"b0e2a7eeec3e9881866673e080086642","icon_name":"dt_home.png","pic_tip_url":"","visible":1,"shp":"q1ZubLr65GL8FkF32+k0a0m+iFgiwBQJcqNQURg9fwRUaZXjEbU65TLMhe9SaQ=="},{"pos":1,"price":"0","product_name":"","pcs":"","buy_url":"","active_name":"blackfive","click_url":"http:\/\/www.drivethelife.com\/purchase\/driver-talent-buy-now.html?ccL_BlackFri","pic_icon_url":"https:\/\/www.drivethelife.com\/activity\/2022\/Cleancdrive_left.png","icon_hash":"318da61bd1e9abfcd75536ed47fe86b5","icon_name":"luckday_left.png","pic_tip_url":"","visible":1,"shp":"q1ZubLr65GL8FkF32+k0a0m+iFgiwBQJcqNQURg9fwRUaZXjEbU65TLMhe9SaQ=="},{"pos":2,"price":"0","product_name":"","pcs":"","buy_url":"","active_name":"blackfive","click_url":"https:\/\/order.shareit.com\/cart\/new?vendorid=200252026&PRODUCT[300696607]=1&affiliate=dtcp2&","pic_icon_url":"https:\/\/www.drivethelife.com\/activity\/2022\/Sem_cp_230.png","icon_hash":"6f99942a876fad64384119112f5040cf","icon_name":"dt_cp2.png","pic_tip_url":"","visible":1}],"DTClean":{"RemoteConfigFileUrl":"https:\/\/www.drivethelife.com\/plugin\/DTCleaner\/F0B35B88B65D285FDAD19DF2E2EBB6C4.dat"},"dtc":{"dtc_k":"lEAeOJ2vszPMFRA5+P0oPhy+20Ajs2hZZ6VYJkJPeFUjM+qfZP9StHXEmoFfNs660\/80xPoGtcPilIfckzq+zdNdM965wRr293sP092rx\/pJPHq+eY9ErSN45qZbtHCmHrKzHmdrnQRlrqwReToCV58W2Fm2gtN141xVdJSew2uqUBc9hroFDMMFWxP7iGkbOv6OMQp9DURSNMcjakoMSGqF+YIzMTDxZL7tiiS4Q4zBirThihfxog=="},"activebtn":{"name":"Grab it now! Happy Every Day 30% off with promo code: Happy2024","click_url":"https:\/\/www.drivethelife.com\/purchase\/driver-talent-buy-now.html\/?driver2023"},"pricelist2":[{"product_title":"1 PC PLAN","sale_off":"35% OFF","price":"12.98","org_price":"$19.95","sale_period":"\/Mon","buy_url":"https:\/\/order.mycommerce.com\/cart\/add?vendorid=200252026&PRODUCT[301015823]=1&affiliate=dtcp2&","hot":0},{"product_title":"3 PC PLAN","sale_off":"57% OFF","price":"25.98","org_price":"$59.95","sale_period":"\/Year","buy_url":"https:\/\/order.shareit.com\/cart\/add?vendorid=200252026&PRODUCT[301019987]=1&PRODUCTPRICE[301019987]=25.98USD,G;44bc5c9ab9a0294cf54a184f907e598e&affiliate=dtcp2&","hot":1},{"product_title":"1 PC LIFETIME","sale_off":"60% OFF","price":"39.98","org_price":"$99.95","sale_period":"","buy_url":"https:\/\/order.shareit.com\/cart\/new?vendorid=200252026&PRODUCT[300696607]=1&affiliate=dtcp2&","hot":1}]}